{"t_onboarding": 0.03527975082397461, "t_instantiation": 1.554081678390503}