{"t_onboarding": 0.05783534049987793, "t_instantiation": 1.7142267227172852}