{"t_onboarding": 0.04781007766723633, "t_instantiation": 1.5869619846343994}