{"t_onboarding": 0.06583905220031738, "t_instantiation": 1.764984369277954}