{"t_onboarding": 25.9593825340271, "t_instantiation": 1.6513142585754395}