{"t_onboarding": 29.429023504257202, "t_instantiation": 2.4737040996551514}