{"t_onboarding": 0.05396747589111328, "t_instantiation": 1.6465356349945068}