{"t_onboarding": 0.0310060977935791, "t_instantiation": 1.7083146572113037}