{"t_onboarding": 0.08045196533203125, "t_instantiation": 2.4095771312713623}