{"t_onboarding": 0.05841374397277832, "t_instantiation": 1.6736950874328613}