{"t_onboarding": 0.04643869400024414, "t_instantiation": 1.5685465335845947}