{"t_onboarding": 0.05564284324645996, "t_instantiation": 1.7204952239990234}